0.0000000; 2.6825406; 4.4261717; 1.5487699; 1.2276665; 2.9750834; -2.1853958
0.1997540; 2.4832276; 4.4098407; 1.7439732; 0.8476116; 2.8245421; 2.2459585
0.3995081; 2.2895394; 4.3588016; 1.9096651; 0.7415712; 2.9791470; 1.9717563
0.5992621; 2.1080199; 4.2809094; 2.0414853; 0.6686801; 3.1085445; 1.6763565
0.7990162; 1.9379515; 4.1796375; 2.1757557; 0.7051265; 3.2144622; 0.8393041
0.9987702; 1.7828737; 4.0555664; 2.3126100; 0.6205265; 3.2662021; 1.2994715
1.1985243; 1.6425514; 3.9115771; 2.4199204; 0.4449403; 3.3447310; 1.1047905
1.3982783; 1.5174809; 3.7582649; 2.4885089; 0.2583265; 3.4100730; 0.9392757
1.5980324; 1.4007053; 3.5992013; 2.5214575; 0.0661497; 3.4646567; 0.7985576
1.7977864; 1.2814531; 3.4317733; 2.5190135; -0.0777754; 3.5103955; 0.6789213
1.9975405; 1.1610285; 3.2664744; 2.5060930; -0.0486726; 3.5488183; 0.5772083
2.1972945; 1.0422927; 3.1069370; 2.4976929; -0.0524344; 3.5811605; 0.4907335
2.3970486; 0.9189534; 2.9462003; 2.4700276; -0.2426297; 3.6084294; 0.4172140
2.5968026; 0.7907651; 2.7946001; 2.4053773; -0.3787517; 3.6314519; 0.3547089
2.7965567; 0.6516829; 2.6533772; 2.3208534; -0.4015821; 3.6509111; 0.3015680
2.9963107; 0.5047027; 2.5243706; 2.2702021; -0.1539851; 3.6673738; 0.2563884
3.1960648; 0.3532088; 2.3997069; 2.2482134; -0.1673330; 3.6813123; 0.2179774
3.3958188; 0.1968783; 2.2793408; 2.2006533; -0.3305032; 3.6931212; 0.1853210
3.5955729; 0.0267414; 2.1647553; 2.1252319; -0.3707533; 3.7031313; 0.1575571
3.7953269; -0.1446444; 2.0673797; 2.0474221; -0.4404767; 3.7116205; 0.1339526
3.9950810; -0.3307111; 1.9829057; 1.9428862; -0.5326942; 3.7188226; -0.5530860
4.1948350; -0.5199449; 1.9201955; 1.8396682; -0.5038807; 3.6889943; 0.0395947
4.3945891; -0.7150349; 1.8767604; 1.7405489; -0.4873494; 3.6911377; 0.1908134
4.5943431; -0.9124539; 1.8525203; 1.6464486; -0.4553762; 3.7014496; 0.1622266
4.7940972; -1.1119766; 1.8462099; 1.5598488; -0.4112723; 3.7101941; 0.1379225
4.9938512; -1.3111641; 1.8562624; 1.4824791; -0.3636104; 3.7176123; 0.1172596
5.1936053; -1.5096081; 1.8807993; 1.4147216; -0.3140909; 3.7239075; 0.0996923
5.3933593; -1.7054794; 1.9176017; 1.3570697; -0.2646091; 3.7292513; 0.0847568
5.5931134; -1.8998152; 1.9648701; 1.3089077; -0.2170005; 3.7337885; 0.0720589
5.7928674; -2.0916016; 2.0204321; 1.2702510; -0.1706799; 3.7376415; 0.0612634
5.9926215; -2.2815111; 2.0825465; 1.2406384; -0.1254602; 3.7409143; 0.0520852
6.1923755; -2.4699539; 2.1494629; 1.2200033; -0.0812128; 3.7436944; 0.0442820
6.3921296; -2.6571039; 2.2193520; 1.2082989; -0.0359279; 3.7460565; 0.0376479
6.5918836; -2.8438192; 2.2906108; 1.2056530; 0.0102834; 3.7480635; 0.0320076
6.7916377; -3.0306501; 2.3614590; 1.2126931; 0.0603243; 3.7497689; 0.0272124
6.9913917; -3.2184183; 2.4300812; 1.2298287; 0.1112506; 3.7512183; 0.0231356
7.1911458; -3.4073061; 2.4943859; 1.2572600; 0.1641607; 3.7524500; 0.0196695
7.3908998; -3.5983410; 2.5524356; 1.2965605; 0.2301332; 3.7534970; 0.0167227
7.5906539; -3.7918490; 2.6016764; 1.3485984; 0.2860200; 3.7543868; 0.0142174
7.7904079; -3.9880026; 2.6398545; 1.4100077; 0.3302959; 3.7551432; 0.0120874
7.9901620; -4.1845766; 2.6647350; 1.4828791; 0.4189510; 3.7557861; 0.0102765
8.1899160; -4.3849449; 2.6734172; 1.5739713; 0.4746398; 3.7563326; 0.0087369
8.3896701; -4.5822935; 2.6641164; 1.6580474; 0.3724178; 3.7567972; 0.0074280
8.5894241; -4.7836446; 2.6393354; 1.7262496; 0.3043398; 3.7571922; 0.0063152
8.7891781; -4.9831311; 2.6021657; 1.7821504; 0.2561396; 3.7575279; 0.0053691
8.9889322; -5.1775727; 2.5552415; 1.8335008; 0.2708057; 3.7578133; 0.0045647
9.1886862; -5.3687175; 2.4979480; 1.8918824; 0.3111206; 3.7580559; 0.0038808
9.3884403; -5.5565347; 2.4287465; 1.9564402; 0.3313449; 3.7582622; 0.0032994
9.5881943; -5.7368570; 2.3485250; 2.0234811; 0.3776004; 3.7584376; 0.0028051
9.7879484; -5.9111177; 2.2546682; 2.1098245; 0.5051712; 3.7585867; -5.3699977
9.9877024; -6.0756918; 2.1420120; 2.2423910; 0.8054236; 3.4614471; -3.9076755
10.1874565; -6.2185969; 2.0053806; 2.4372825; 1.1515797; 3.2280750; -3.9076755
10.3872105; -6.3278197; 1.8405590; 2.6776631; 1.2373106; 2.9764610; -2.5742061
10.5869646; -6.3951947; 1.6476304; 2.9305257; 1.0883696; 2.7983752; -5.6700108
10.7867186; -6.4175583; 1.4483639; 3.1271706; 1.0434937; 2.3591712; -8.2620858
10.9864727; -6.3949755; 1.2470763; -2.8776499; 1.9967749; 1.5049646; -0.7386789
11.1862267; -6.4240404; 1.1210779; 3.0437267; 6.0919572; 1.4034993; -0.7386789
11.3859808; -6.3846188; 0.9293488; -2.7609198; 1.1993816; 1.2941028; 4.6719867
11.5857348; -6.2890536; 0.7461100; -2.5773882; 0.6937168; 1.8818073; 3.9720505
11.7854889; -6.1719685; 0.5833557; -2.4675957; 0.4425580; 2.2645231; 3.3769756
11.9852429; -6.0375943; 0.4294747; -2.3794177; 0.4580913; 2.5450332; 2.8710522
12.1849970; -5.8878707; 0.2879716; -2.2728948; 0.5672300; 2.7611959; 2.4409240
12.3847510; -5.7332609; 0.1717020; -2.1562916; 0.6282397; 2.9324685; 2.0752357
12.5845051; -5.5580910; 0.0709293; -2.0297768; 0.6170860; 3.0705773; 1.7643331
12.7842591; -5.3758690; -0.0059197; -1.9114492; 0.5732296; 3.1832861; 1.5000086
12.9840132; -5.1845066; -0.0621821; -1.8048718; 0.4886652; 3.2760610; 1.2752840
13.1837672; -4.9890190; -0.0995650; -1.7182308; 0.3801695; 3.3529185; 1.0842266
13.3835213; -4.7903840; -0.1221393; -1.6534066; 0.2684737; 3.4169020; 0.9217926
13.5832753; -4.5912883; -0.1340078; -1.6109415; 0.1580350; 3.4703722; 0.7836938
13.7830294; -4.3914025; -0.1395819; -1.5897239; 0.0593049; 3.5151921; 0.6662843
13.9827834; -4.1915973; -0.1427508; -1.5864310; -0.0261669; 3.5528525; 0.5664645
14.1825375; -3.9918013; -0.1467349; -1.5957134; -0.0536121; 3.5845597; 0.4815994
14.3822915; -3.7921685; -0.1528494; -1.6074395; -0.0616997; 3.6112977; 0.4094483
14.5820456; -3.5925825; -0.1613408; -1.6189050; -0.0530745; 3.6338752; 0.3481066
14.7817996; -3.3931380; -0.1719452; -1.6286363; -0.0443404; 3.6529605; 0.2959548
14.9815537; -3.1937687; -0.1843169; -1.6366115; -0.0355018; 3.6691085; 0.2516162
15.1813077; -2.9945102; -0.1981009; -1.6428197; -0.0266708; 3.6827815; 0.2139202
15.3810618; -2.7953099; -0.2129475; -1.6472647; -0.0177030; 3.6943663; 0.1818716
15.5808158; -2.5962020; -0.2284924; -1.6498356; -0.0080438; 3.7041870; 0.1546244
15.7805699; -2.3970535; -0.2443664; -1.6505866; -0.0003579; 3.7125160; 0.1314593
15.9803239; -2.1978949; -0.2602579; -1.6500526; 0.0057051; 3.7195825; 0.1117646
16.1800780; -1.9989388; -0.2758296; -1.6470526; 0.0257108; 3.7255798; 0.0950205
16.3798320; -1.7995682; -0.2904127; -1.6401983; 0.0310525; 3.7306711; 0.0807850
16.5795861; -1.6001525; -0.3039289; -1.6381173; -0.0101619; 3.7349941; 0.0686821
16.7793401; -1.4002353; -0.3178770; -1.6439554; -0.0456448; 3.7386655; 0.0583925
16.9790942; -1.2017141; -0.3335504; -1.6563279; -0.0793224; 3.7417841; 0.0496444
17.1788482; -1.0020978; -0.3522290; -1.6714366; -0.0685849; 3.7444334; 0.0422069
17.3786022; -0.8039627; -0.3735095; -1.6837617; -0.0581306; 3.7466844; 0.0358836
17.5783563; -0.6057413; -0.3971514; -1.6951863; -0.0562134; 3.7485970; 0.0305077
17.7781103; -0.4076616; -0.4229993; -1.7055238; -0.0452189; 3.7502223; 0.0259372
17.9778644; -0.2100523; -0.4505972; -1.7130302; -0.0261467; 3.7516036; 0.0220514
18.1776184; -0.0123644; -0.4791815; -1.7145081; 0.0113828; 3.7527775; 0.0187478
18.3773725; 0.1853318; -0.5073030; -1.7083607; 0.0508374; 3.7537753; 0.0159390
18.5771265; 0.3834064; -0.5334290; -1.6941810; 0.0907797; 3.7546234; 0.0135511
18.7768806; 0.5818467; -0.5559659; -1.6723486; 0.1278442; 3.7553443; 0.0115210
18.9766346; 0.7808533; -0.5734355; -1.6431660; 0.1638499; 3.7559571; 0.0097949
19.1763887; 0.9803202; -0.5843821; -1.6068930; 0.1993475; 3.7564780; 0.0083275
19.3761427; 1.1800713; -0.5873849; -1.5636044; 0.2341857; 3.7569208; 0.0070799
19.5758968; 1.3797192; -0.5810393; -1.5132368; 0.2703870; 3.7572972; 0.0060192
19.7756508; 1.5786801; -0.5639252; -1.4554910; 0.3080023; 3.7576172; 0.0051175
19.9754049; 1.7763250; -0.5345943; -1.3901898; 0.3459296; 3.7578892; 0.0043508
20.1751589; 1.9712318; -0.4917293; -1.3170246; 0.3890888; 3.7581205; 0.0036990
20.3749130; 2.1622950; -0.4338432; -1.2347156; 0.4339604; 3.7583171; 0.0031448
20.5746670; 2.3477529; -0.3596334; -1.1444753; 0.4697185; 3.7584842; 0.0026737
20.7744211; 2.5250396; -0.2685271; -1.0459322; 0.5257500; 3.7586263; -0.7251395
20.9741751; 2.6914799; -0.1596643; -0.9357421; 0.5696406; 3.7198888; -1.0715325
21.1739292; 2.8456147; -0.0322712; -0.8278333; 0.4820947; 3.6618966; 0.2714425
21.3736832; 2.9869598; 0.1099803; -0.7385908; 0.4213305; 3.6766738; 0.2307762
21.5734373; 3.1166060; 0.2651064; -0.6536546; 0.4235842; 3.6891906; 0.1962023
21.7731913; 3.2311339; 0.4287512; -0.5673984; 0.4243459; 3.6997989; 0.1668082
21.9729454; 3.3306601; 0.5997531; -0.4886754; 0.3670262; 3.7087940; 0.1418177
22.1726994; 3.4190198; 0.7809370; -0.4210354; 0.2991701; 3.7164244; 0.1205712
22.3724535; 3.4955801; 0.9650294; -0.3698627; 0.2170766; 3.7228993; 0.1025078
22.5722075; 3.5638863; 1.1512376; -0.3363983; 0.1295320; 3.7283954; 0.0871505
22.7719616; 3.6274749; 1.3395373; -0.3171194; 0.0719998; 3.7330617; 0.0740940
22.9717156; 3.6884429; 1.5299412; -0.3027122; 0.0703486; 3.7370243; 0.0629936
23.1714697; 3.7459713; 1.7198804; -0.2839507; 0.1155858; 3.7403899; 0.0535562
23.3712237; 3.7990429; 1.9108249; -0.2565940; 0.1623050; 3.7432490; 0.0455326
23.5709778; 3.8463668; 2.1049134; -0.2205193; 0.1993603; 3.7456780; 0.0387111
23.7707318; 3.8864268; 2.3032922; -0.1770563; 0.2273091; 3.7477419; 0.0329116
23.9704859; 3.9165926; 2.4975272; -0.1305083; 0.2451443; 3.7494956; 0.0279809
24.1702399; 3.9377110; 2.6971632; -0.0795124; 0.2701037; 3.7509860; 0.0237890
24.3699940; 3.9479322; 2.8967093; -0.0215883; 0.3078086; 3.7522527; 0.0202250
24.5697480; 3.9458052; 3.0962054; 0.0453514; 0.3774512; 3.7533292; 0.0171950
24.7695021; 3.9284562; 3.2965387; 0.1304699; 0.4684034; 3.7542442; 0.0146189
24.9692561; 3.8928323; 3.4903431; 0.2401633; 0.6656633; 3.7550220; -2.6735504
25.1690102; 3.8307732; 3.6819103; 0.3914348; 0.8143660; 3.6099979; -3.4999192
25.3687642; 3.7408175; 3.8582318; 0.5499662; 0.7715394; 3.4108414; -1.3386544
25.5685182; 3.6224763; 4.0212612; 0.7068308; 0.8013230; 3.3315215; -1.0560503
25.7682723; 3.4756775; 4.1665898; 0.8699217; 0.7033245; 3.2675885; -3.6159809
25.9680263; 3.3134675; 4.2860295; 0.9988273; 0.6010465; 3.0385064; -9.8715260
26.1677804; 3.1308724; 4.3876431; 1.1303575; 0.6905725; 2.2997319; -10.2238895
26.3675344; 2.9574155; 4.4545615; 1.2876523; 1.1443146; 1.0973787; -0.3927500
26.5672885; 2.8571979; 4.4551295; -1.4864409; 11.4576712; 1.0233930; -0.3927500
26.7670425; 2.7722024; 4.5205831; 1.5309789; 1.8809068; 0.9436241; 4.9660901
26.9667966; 2.5582905; 4.4982218; 1.7902556; 0.9161550; 1.6954114; 4.2220926
27.1665506; 2.3692738; 4.4407150; 1.9335534; 0.6434138; 2.1356919; 3.5895576
27.3663047; 2.1830869; 4.3547546; 2.0796559; 0.7946904; 2.4485173; 3.0517861
27.5660587; 2.0162447; 4.2437194; 2.2329734; 0.6936166; 2.6859729; 2.5945811
27.7658128; 1.8683414; 4.1131728; 2.3493904; 0.5256900; 2.8724565; 2.2058725
27.9655668; 1.7339354; 3.9669509; 2.4436828; 0.4209151; 3.0219647; 1.8753986
28.1653209; 1.6109307; 3.8087331; 2.5123718; 0.2589792; 3.1434865; 1.5944347
28.3650749; 1.4967105; 3.6450092; 2.5471924; 0.1005156; 3.2432232; 1.3555636
28.5648290; 1.3860462; 3.4793470; 2.5534741; -0.0397096; 3.3256662; 1.1524791
28.7645830; 1.2733324; 3.3134995; 2.5309843; -0.1866631; 3.3941833; 0.9798199
28.9643371; 1.1550746; 3.1527419; 2.4794764; -0.3128049; 3.4513659; 0.8330276
29.1640911; 1.0274125; 3.0000426; 2.4079547; -0.3973505; 3.4992467; 0.7082271
29.3638452; 0.8879795; 2.8559365; 2.3419492; -0.2608921; 3.5394449; 0.6021237
29.5635992; 0.7411535; 2.7199818; 2.2913430; -0.3086776; 3.5732651; 0.5119162
29.7633533; 0.5870312; 2.5940488; 2.2166877; -0.4102243; 3.6017687; 0.4352232
29.9631073; 0.4231959; 2.4808134; 2.1341552; -0.4189457; 3.6258259; 0.3700200
30.1628614; 0.2497784; 2.3813100; 2.0487986; -0.4330794; 3.6461540; 0.3145853
30.3626154; 0.0687961; 2.2971581; 1.9644095; -0.4030118; 3.6633480; 0.2674555
30.5623695; -0.1181968; 2.2278615; 1.8883659; -0.3607084; 3.6779028; 0.2273865
30.7621235; -0.3097439; 2.1721512; 1.8206826; -0.3210967; 3.6902320; 0.1933205
30.9618776; -0.5049333; 2.1287588; 1.7594407; -0.2908336; 3.7006817; 0.1643581
31.1616316; -0.7016159; 2.0969628; 1.7033562; -0.2711588; 3.7095428; 0.1397347
31.3613857; -0.8995777; 2.0758601; 1.6511614; -0.2543765; 3.7170597; 0.1188003
31.5611397; -1.0989047; 2.0647815; 1.6020201; -0.2381727; 3.7234385; 0.1010021
31.7608938; -1.2997227; 2.0632052; 1.5558265; -0.2214828; 3.7288531; 0.0858704
31.9606478; -1.4981251; 2.0704158; 1.5137265; -0.2029021; 3.7334503; 0.0730057
32.1604019; -1.6967207; 2.0856637; 1.4754021; -0.1794862; 3.7373544; 0.0620683
32.3601559; -1.8967966; 2.1082787; 1.4419801; -0.1524717; 3.7406703; 0.0527695
32.5599100; -2.0931482; 2.1365573; 1.4143726; -0.1272003; 3.7434872; 0.0448638
32.7596640; -2.2896540; 2.1699431; 1.3919168; -0.0877073; 3.7458804; 0.0381425
32.9594181; -2.4866399; 2.2069395; 1.3803187; -0.0296934; 3.7479138; 0.0324282
33.1591721; -2.6819220; 2.2452627; 1.3715039; -0.0824905; 3.7496418; 0.0275699
33.3589262; -2.8792952; 2.2874020; 1.3466659; -0.1641961; 3.7511102; 0.0234395
33.5586802; -3.0737544; 2.3348346; 1.3184335; -0.1109256; 3.7523582; 0.0199279
33.7584343; -3.2666177; 2.3864452; 1.3021543; -0.0531637; 3.7534189; 0.0169424
33.9581883; -3.4593925; 2.4402840; 1.2963933; -0.0039422; 3.7543205; 0.0144042
34.1579423; -3.6514318; 2.4940772; 1.3006280; 0.0454554; 3.7550868; 0.0122462
34.3576964; -3.8444516; 2.5462701; 1.3143455; 0.0920940; 3.7557382; 0.0104115
34.5574504; -4.0381517; 2.5948323; 1.3375884; 0.1410722; 3.7562919; 0.0088517
34.7572045; -4.2330982; 2.6379071; 1.3707425; 0.1910274; 3.7567626; 0.0075256
34.9569585; -4.4300068; 2.6735952; 1.4138952; 0.2405519; 3.7571627; 0.0063981
35.1567126; -4.6276344; 2.6996546; 1.4673962; 0.2980345; 3.7575029; 0.0054396
35.3564666; -4.8263627; 2.7133720; 1.5422583; 0.4643265; 3.7577920; 0.0046247
35.5562207; -5.0260140; 2.7087741; 1.6498432; 0.5851807; 3.7580378; -1.5604870
35.7559747; -5.2237096; 2.6816540; 1.7638021; 0.5667572; 3.6741559; -0.7131767
35.9557288; -5.4193707; 2.6314747; 1.8801997; 0.5657176; 3.6351756; -0.4311143
36.1554828; -5.6070367; 2.5597488; 1.9911260; 0.5543824; 3.6114080; -0.1212536
36.3552369; -5.7869367; 2.4663666; 2.1104616; 0.6234700; 3.6046950; -0.9739454
36.5549909; -5.9474883; 2.3558570; 2.2393662; 0.7029439; 3.5503136; -1.5871883
36.7547450; -6.0952458; 2.2201909; 2.3916829; 0.8212925; 3.4598602; -2.3203779
36.9544990; -6.2176841; 2.0629923; 2.5738251; 0.9792253; 3.3231946; -2.9555529
37.1542531; -6.3073962; 1.8870800; 2.7624245; 0.8488773; 3.1405183; -0.0709251
37.3540071; -6.3650905; 1.6970466; 2.9284566; 0.7605315; 3.1360038; 0.7478738
37.5537612; -6.3895203; 1.4981247; 3.1264442; 1.1842142; 3.1832847; -3.7999881
37.7535152; -6.3719749; 1.2968631; -2.9546964; 1.1011137; 2.9351620; -0.7169790
37.9532693; -6.3317886; 1.1046814; -3.0470786; -1.4142360; 2.8859551; -2.9020759
38.1530233; -6.3022651; 0.9180597; -2.8546637; 1.3556811; 2.6775612; -0.4078304
38.3527774; -6.2235154; 0.7343222; -2.6354684; 0.8588398; 2.6469610; 2.6725991
38.5525314; -6.1081106; 0.5607122; -2.4811622; 0.6557035; 2.8415009; 2.2722022
38.7522855; -5.9818799; 0.4166218; -2.3661800; 0.5597765; 2.9969802; 1.9317910
38.9520395; -5.8281082; 0.2765367; -2.2548293; 0.5029480; 3.1230845; 1.6423787
39.1517936; -5.6659106; 0.1571479; -2.1555635; 0.5101145; 3.2264222; 1.3963249
39.3515476; -5.4925892; 0.0558625; -2.0378122; 0.6629473; 3.3117433; 0.6161645
39.5513017; -5.3069148; -0.0226346; -1.9047202; 0.6331173; 3.3487022; 0.6951681
39.7510557; -5.1180244; -0.0761255; -1.7933676; 0.5016665; 3.3899161; 0.9906757
39.9508098; -4.9212171; -0.1111808; -1.7046634; 0.3849131; 3.4477985; 0.8422571
40.1505638; -4.7222915; -0.1310005; -1.6394369; 0.2671953; 3.4962556; 0.7160739
40.3503179; -4.5235559; -0.1401994; -1.5989901; 0.1367905; 3.5369309; 0.6087949
40.5500719; -4.3228955; -0.1438150; -1.5816914; 0.0407180; 3.5711481; 0.5175880
40.7498260; -4.1238234; -0.1457990; -1.5827667; -0.0394544; 3.5999832; 0.4400453
40.9495800; -3.9237074; -0.1491035; -1.5924564; -0.0576734; 3.6243180; 0.3741196
41.1493341; -3.7236196; -0.1546962; -1.6052802; -0.0663025; 3.6448793; 0.3180707
41.3490881; -3.5253101; -0.1628614; -1.6187090; -0.0677439; 3.6622693; 0.2704188
41.5488422; -3.3254650; -0.1736087; -1.6292921; -0.0365565; 3.6769894; 0.2299058
41.7485962; -3.1269150; -0.1857704; -1.6342012; -0.0217784; 3.6894580; 0.1954624
41.9483503; -2.9273785; -0.1988822; -1.6386554; -0.0224832; 3.7000256; 0.1661791
42.1481043; -2.7283409; -0.2128414; -1.6428933; -0.0200246; 3.7089863; 0.1412829
42.3478584; -2.5291664; -0.2276120; -1.6466834; -0.0181199; 3.7165875; 0.1201165
42.5476124; -2.3297334; -0.2431286; -1.6501521; -0.0165464; 3.7230378; 0.1021212
42.7473664; -2.1308897; -0.2592591; -1.6532672; -0.0146960; 3.7285129; 0.0868218
42.9471205; -1.9318542; -0.2759931; -1.6560211; -0.0128678; 3.7331615; 0.0738146
43.1468745; -1.7325337; -0.2932676; -1.6584136; -0.0110604; 3.7371090; 0.0627560
43.3466286; -1.5338887; -0.3109252; -1.6604306; -0.0091756; 3.7404619; 0.0533542
43.5463826; -1.3348993; -0.3289809; -1.6620777; -0.0072821; 3.7433102; 0.0453609
43.7461367; -1.1358295; -0.3473361; -1.6633401; -0.0053593; 3.7457300; 0.0385651
43.9458907; -0.9371709; -0.3658678; -1.6642191; -0.0034546; 3.7477860; 0.0327875
44.1456448; -0.7381335; -0.3845735; -1.6647205; -0.0014857; 3.7495332; 0.0278754
44.3453988; -0.5393170; -0.4033170; -1.6647929; 0.0007477; 3.7510179; 0.0236992
44.5451529; -0.3405118; -0.4220140; -1.6640675; 0.0084050; 3.7522798; 0.0201487
44.7449069; -0.1413101; -0.4404091; -1.6613410; 0.0202564; 3.7533522; 0.0171301
44.9446610; 0.0572922; -0.4576862; -1.6520689; 0.0723609; 3.7542638; 0.0145638
45.1444150; 0.2567092; -0.4721434; -1.6326231; 0.1217631; 3.7550386; 0.0123819
45.3441691; 0.4563719; -0.4817368; -1.6033258; 0.1718033; 3.7556972; 0.0105269
45.5439231; 0.6551270; -0.4843435; -1.5615952; 0.2543117; 3.7562571; 0.0089498
45.7436772; 0.8555640; -0.4768682; -1.5032463; 0.3106372; 3.7567330; 0.0076090
45.9434312; 1.0541062; -0.4577980; -1.4492751; 0.2367682; 3.7571375; 0.0064690
46.1431853; 1.2537814; -0.4289052; -1.4063736; 0.1935126; 3.7574815; 0.0054999
46.3429393; 1.4504600; -0.3925283; -1.3702277; 0.1698685; 3.7577738; 0.0046759
46.5426934; 1.6470975; -0.3490649; -1.3358518; 0.1797978; 3.7580224; 0.0039754
46.7424474; 1.8379709; -0.2996481; -1.2984604; 0.1968897; 3.7582337; 0.0033798
46.9422015; 2.0301720; -0.2418644; -1.2591438; 0.1937700; 3.7584133; 0.0028735
47.1419555; 2.2193069; -0.1768731; -1.2202921; 0.1976031; 3.7585660; 0.0024430
47.3417096; 2.4044980; -0.1049908; -1.1804911; 0.2091179; 3.7586959; 0.0020770
47.5414636; 2.5867049; -0.0253815; -1.1365018; 0.2358579; 3.7588063; 0.0017658
47.7412177; 2.7655990; 0.0632701; -1.0828367; 0.2982885; 3.7589001; 0.0015013
47.9409717; 2.9382903; 0.1622643; -1.0143710; 0.3933485; 3.7589799; 0.0012764
48.1407258; 3.1027946; 0.2744531; -0.9270212; 0.4868670; 3.7590477; -0.1785602
48.3404798; 3.2562034; 0.4024285; -0.8220295; 0.5407528; 3.7495471; -0.8746640
48.5402339; 3.3955837; 0.5466370; -0.7153388; 0.5222245; 3.7026569; -0.3006504
48.7399879; 3.5178182; 0.7026355; -0.6150455; 0.4892584; 3.6864015; 0.2039166
48.9397420; 3.6249703; 0.8708035; -0.5205929; 0.4583397; 3.6974345; 0.1733667
49.1394960; 3.7171964; 1.0499764; -0.4310815; 0.4297602; 3.7067888; 0.1473937
49.3392501; 3.7923335; 1.2328026; -0.3500549; 0.3911337; 3.7147232; 0.1253118
49.5390041; 3.8536991; 1.4230068; -0.2752254; 0.3576433; 3.7214556; 0.1065382
49.7387582; 3.9014042; 1.6174967; -0.2069633; 0.3241236; 3.7271698; 0.0905771
49.9385122; 3.9361034; 1.8132686; -0.1440781; 0.3156947; 3.7320210; 0.0770072
50.1382663; 3.9586509; 2.0137558; -0.0795997; 0.3248247; 3.7361405; 0.0654704
50.3380203; 3.9685866; 2.2145219; -0.0222336; 0.2443347; 3.7396392; 0.0556619
50.5377744; 3.9685797; 2.4138159; 0.0204420; 0.1905446; 3.7426113; 0.0473229
50.7375284; 3.9606352; 2.6154548; 0.0578932; 0.1779200; 3.7451362; 0.0402332
50.9372825; 3.9458313; 2.8130016; 0.0914428; 0.1767916; 3.7472815; 0.0342056
51.1370365; 3.9237296; 3.0115390; 0.1320796; 0.2305284; 3.7491044; 0.0290811
51.3367905; 3.8924955; 3.2086193; 0.1848083; 0.3047497; 3.7506535; 0.0247243
51.5365446; 3.8494730; 3.4029183; 0.2537280; 0.3867570; 3.7519701; 0.0210202
51.7362986; 3.7911655; 3.5939489; 0.3426509; 0.5033639; 3.7530890; -0.3723507
51.9360527; 3.7141936; 3.7777491; 0.4542883; 0.6173103; 3.7332185; -1.8297491
52.1358067; 3.6150409; 3.9510016; 0.5890759; 0.7296156; 3.6339951; -2.5874657
52.3355608; 3.4929567; 4.1063931; 0.7487297; 0.8972645; 3.4888690; -4.5486075
52.5353148; 3.3420247; 4.2405809; 0.9425666; 0.9605645; 3.2179188; -5.0557273
52.7350689; 3.1671220; 4.3456851; 1.1099612; 0.7564396; 2.8870742; -8.7345199
52.9348229; 2.9736641; 4.4221840; 1.2857168; 0.9322865; 2.2012919; -9.0879153
53.1345770; 2.7780786; 4.4577880; 1.5241436; 1.9893773; 1.1022660; -0.3962561
53.3343310; 2.7346309; 4.5123838; 1.1166705; 11.3562934; 1.0279508; -0.3962561
53.5340851; 2.5436550; 4.5163164; 1.7641095; 1.3131663; 0.9478266; 4.9631093
53.7338391; 2.3379661; 4.4519304; 1.9615854; 0.6241885; 1.6974032; 4.2195584
53.9335932; 2.1587349; 4.3669552; 2.0592853; 0.4278196; 2.1370366; 3.5874030
54.1333472; 1.9792387; 4.2608222; 2.1527926; 0.4831284; 2.4495146; 3.0499543
54.3331013; 1.8142699; 4.1399745; 2.2542598; 0.5122905; 2.6867459; 2.5930237
54.5328553; 1.6692647; 4.0088639; 2.3591934; 0.5563560; 2.8730711; 2.2045485
54.7326094; 1.5367286; 3.8602206; 2.4649545; 0.4746278; 3.0224613; 1.8742729
54.9323634; 1.4188508; 3.7003494; 2.5425403; 0.3172085; 3.1438924; 1.5934777
55.1321175; 1.3112988; 3.5336658; 2.5889241; 0.1498525; 3.2435577; 1.3547500
55.3318715; 1.2081252; 3.3628198; 2.6018410; -0.0259740; 3.3259435; 1.1517874
55.5316256; 1.1039538; 3.1920779; 2.5808185; -0.1780913; 3.3944143; 0.9792317
55.7313796; 0.9939863; 3.0255182; 2.5305514; -0.3202603; 3.4515590; 0.8325276
55.9311337; 0.8738175; 2.8666021; 2.4532618; -0.4503030; 3.4994087; 0.7078020
56.1308877; 0.7397215; 2.7186322; 2.3544133; -0.5405268; 3.5395810; 0.5297000
56.3306418; 0.5908807; 2.5855612; 2.2478486; -0.5047455; 3.5693491; 0.5224050
56.5303958; 0.4296884; 2.4682869; 2.1540467; -0.4337041; 3.5984661; 0.4441406
56.7301499; 0.2588873; 2.3652932; 2.0752882; -0.3616716; 3.6230369; 0.3776015
56.9299039; 0.0805559; 2.2746825; 2.0083645; -0.3068121; 3.6437962; 0.3210309
57.1296580; -0.1021241; 2.1956845; 1.9507070; -0.2716603; 3.6613529; 0.2729355
57.3294120; -0.2888662; 2.1266974; 1.8993259; -0.2488935; 3.6762135; 0.2320455
57.5291661; -0.4794889; 2.0668415; 1.8514213; -0.2288733; 3.6888005; 0.1972815
57.7289201; -0.6734114; 2.0155530; 1.8082042; -0.2015842; 3.6994682; 0.1677256
57.9286742; -0.8675887; 1.9727375; 1.7666489; -0.2220806; 3.7085135; 0.1425977
58.1284282; -1.0657130; 1.9382702; 1.7173579; -0.2872377; 3.7161864; 0.1212344
58.3281823; -1.2642359; 1.9155680; 1.6477222; -0.4146748; 3.7226974; 0.1030716
58.5279363; -1.4636031; 1.9085679; 1.5655956; -0.3834190; 3.7282239; 0.0876299
58.7276904; -1.6626756; 1.9167303; 1.4962195; -0.3215650; 3.7329161; 0.0745015
58.9274444; -1.8615687; 1.9378258; 1.4350389; -0.2913939; 3.7369007; 0.0633401
59.1271985; -2.0581336; 1.9702646; 1.3809248; -0.2487537; 3.7402849; 0.0538507
59.3269525; -2.2536436; 2.0125933; 1.3357618; -0.2033973; 3.7431598; 0.0457831
59.5267066; -2.4468631; 2.0627455; 1.2992605; -0.1630025; 3.7456022; 0.0389240
59.7264606; -2.6383151; 2.1191503; 1.2706602; -0.1228787; 3.7476775; 0.0330926
59.9262146; -2.8292009; 2.1805342; 1.2499708; -0.0839833; 3.7494409; 0.0281348
60.1259687; -3.0177658; 2.2446743; 1.2371720; -0.0449947; 3.7509395; 0.0239198
60.3257227; -3.2066002; 2.3108089; 1.2319350; -0.0067171; 3.7522131; 0.0203362
60.5254768; -3.3950653; 2.3770964; 1.2345529; 0.0327244; 3.7532956; 0.0172896
60.7252308; -3.5840220; 2.4421673; 1.2451122; 0.0736836; 3.7542157; 0.0146993
60.9249849; -3.7739537; 2.5044595; 1.2640515; 0.1158746; 3.7549977; 0.0124971
61.1247389; -3.9651495; 2.5622627; 1.2919746; 0.1640074; 3.7556624; 0.0106249
61.3244930; -4.1581676; 2.6137800; 1.3295837; 0.2124749; 3.7562275; 0.0090331
61.5242470; -4.3531873; 2.6570529; 1.3769561; 0.2620530; 3.7567079; 0.0076798
61.7240011; -4.5497123; 2.6899541; 1.4351565; 0.3293179; 3.7571162; 0.0065292
61.9237551; -4.7485791; 2.7099601; 1.5082134; 0.3982481; 3.7574633; 0.0055511
62.1235092; -4.9474798; 2.7139639; 1.5965435; 0.4968269; 3.7577584; -0.3108484
62.3232632; -5.1467007; 2.6981828; 1.7068001; 0.6095028; 3.7411979; -1.7796547
62.5230173; -5.3373893; 2.6597920; 1.8340663; 0.6691272; 3.6449383; -1.8718302
62.7227713; -5.5308135; 2.5936483; 1.9626679; 0.5477573; 3.5408705; 0.4306861
62.9225254; -5.7130964; 2.5073378; 2.0603947; 0.4571601; 3.5650844; -1.1121127
63.1222794; -5.8875839; 2.4031766; 2.1612739; 0.5526190; 3.5022177; -9.3156580
63.3220335; -6.0522516; 2.2776909; 2.2872523; 0.6891842; 2.9229861; -8.3444734
63.5217875; -6.1930704; 2.1336880; 2.4604420; 1.0766146; 2.2825782; -1.6992388
63.7215416; -6.2940912; 1.9657522; 2.7932836; 2.6482447; 2.1286858; -1.6992388
63.9212956; -6.3463967; 1.7938029; 2.6705513; 0.0827828; 1.9627643; 3.8553336
64.1210497; -6.4195753; 1.6051403; 2.9076668; 1.3940780; 2.3222146; 2.4599270
64.3208037; -6.4415801; 1.4052062; -3.1349225; 1.1958362; 2.5249637; 1.9852258
64.5205578; -6.4111038; 1.2005282; -2.8495757; 1.3042625; 2.6774158; -0.0378862
64.7203118; -6.3302631; 1.0178883; -2.6021540; 1.2289943; 2.6745877; 0.5259558
64.9200659; -6.2107282; 0.8611230; -2.3941350; 0.7638791; 2.7135849; 2.5386714
65.1198199; -6.0729477; 0.7236550; -2.3427486; 0.0389931; 2.8944365; 2.1583389
65.3195740; -5.9320281; 0.5886082; -2.3161864; 0.3113953; 3.0397429; 1.8349862
65.5193280; -5.7841623; 0.4615337; -2.2405496; 0.4448841; 3.1580261; 1.5600768
65.7190821; -5.6161978; 0.3403310; -2.1542499; 0.3546816; 3.2552100; 1.3263531
65.9188361; -5.4462265; 0.2359379; -2.0900553; 0.3173733; 3.3356080; 1.1276448
66.1185902; -5.2635351; 0.1398270; -2.0183007; 0.3629780; 3.4024673; 0.9587061
66.3183442; -5.0805739; 0.0601033; -1.9446516; 0.3783689; 3.4582936; 0.8150770
66.5180983; -4.8917872; -0.0057121; -1.8680981; 0.3716049; 3.5050570; 0.6929658
66.7178523; -4.7011679; -0.0569299; -1.8007562; 0.3025743; 3.5443293; 0.5891488
66.9176064; -4.5049749; -0.0972334; -1.7490628; 0.2122361; 3.5773789; 0.5008851
67.1173604; -4.3082446; -0.1290395; -1.7162242; 0.1192184; 3.6052389; 0.4258447
67.3171145; -4.1104796; -0.1562047; -1.7014057; 0.0284601; 3.6287568; 0.3620466
67.5168685; -3.9124965; -0.1820323; -1.7004421; -0.0035973; 3.6486321; 0.3078064
67.7166226; -3.7144841; -0.2079994; -1.7022873; -0.0121779; 3.6654451; 0.2616922
67.9163766; -3.5164820; -0.2343756; -1.7038940; -0.0038999; 3.6796787; 0.2224866
68.1161307; -3.3185594; -0.2608982; -1.7038454; 0.0043784; 3.6917368; 0.1891547
68.3158847; -3.1205005; -0.2872628; -1.7021477; 0.0126018; 3.7019575; 0.1608164
68.5156387; -2.9225631; -0.3131055; -1.6988294; 0.0206164; 3.7106249; 0.1367236
68.7153928; -2.7244221; -0.3381463; -1.6939277; 0.0284249; 3.7179778; 0.1162403
68.9151468; -2.5260437; -0.3620744; -1.6874910; 0.0359505; 3.7242178; 0.0988257
69.1149009; -2.3278207; -0.3845428; -1.6795996; 0.0430869; 3.7295147; 0.0840200
69.3146549; -2.1289758; -0.4053517; -1.6702985; 0.0504338; 3.7340121; 0.0714325
69.5144090; -1.9303045; -0.4241098; -1.6592447; 0.0602507; 3.7378315; 0.0607308
69.7141630; -1.7315064; -0.4404585; -1.6458959; 0.0766194; 3.7410756; 0.0516324
69.9139171; -1.5317074; -0.4538129; -1.6285146; 0.0964638; 3.7438315; 0.0438971
70.1136711; -1.3328831; -0.4632384; -1.6070299; 0.1198128; 3.7461729; 0.0373206
70.3134252; -1.1330295; -0.4679311; -1.5807730; 0.1411094; 3.7481624; 0.0317294
70.5131792; -0.9343469; -0.4670688; -1.5519390; 0.1471760; 3.7498530; 0.0269758
70.7129333; -0.7332042; -0.4603805; -1.5248064; 0.0987394; 3.7512898; 0.0229344
70.9126873; -0.5329271; -0.4497518; -1.5135212; 0.0150683; 3.7525108; 0.0194985
71.1124414; -0.3308997; -0.4382132; -1.5140892; 0.0033523; 3.7535486; 0.0165773
71.3121954; -0.1343339; -0.4268185; -1.5107718; 0.0314994; 3.7544307; 0.0140938
71.5119495; 0.0673120; -0.4140639; -1.5046644; 0.0273305; 3.7551805; 0.0119823
71.7117035; 0.2656644; -0.4004288; -1.4997934; 0.0240100; 3.7558178; 0.0101872
71.9114576; 0.4638814; -0.3858355; -1.4947184; 0.0270266; 3.7563596; 0.0086610
72.1112116; 0.6637873; -0.3700268; -1.4889007; 0.0311079; 3.7568201; 0.0073634
72.3109657; 0.8621988; -0.3530903; -1.4821174; 0.0393695; 3.7572116; 0.0062603
72.5107197; 1.0603668; -0.3345992; -1.4729488; 0.0535369; 3.7575444; 0.0053224
72.7104738; 1.2590548; -0.3138542; -1.4597542; 0.0782220; 3.7578274; 0.0045250
72.9102278; 1.4568649; -0.2900482; -1.4411697; 0.1106783; 3.7580679; 0.0038471
73.1099819; 1.6543587; -0.2618592; -1.4156926; 0.1470992; 3.7582724; 0.0032707
73.3097359; 1.8517906; -0.2277249; -1.3822180; 0.1855136; 3.7584462; 0.0027807
73.5094900; 2.0461874; -0.1865939; -1.3408965; 0.2292953; 3.7585940; 0.0023641
73.7092440; 2.2393464; -0.1364291; -1.2911037; 0.2714243; 3.7587197; 0.0020100
73.9089981; 2.4306994; -0.0754724; -1.2323123; 0.3137959; 3.7588265; 0.0017088
74.1087521; 2.6158626; -0.0033359; -1.1645060; 0.3676633; 3.7589173; 0.0014528
74.3085062; 2.7963207; 0.0826642; -1.0859571; 0.4184949; 3.7589945; 0.0012352
74.5082602; 2.9694182; 0.1837682; -0.9964835; 0.4746446; 3.7590601; -0.0059309
74.7080143; 3.1304418; 0.2997760; -0.8934643; 0.5627940; 3.7587449; -1.2493067
74.9077683; 3.2790796; 0.4344408; -0.7746008; 0.5910516; 3.6917551; -1.1663709
75.1075224; 3.4104828; 0.5851746; -0.6602841; 0.5637513; 3.6280960; -0.3568592
75.3072764; 3.5247461; 0.7509159; -0.5484684; 0.5202189; 3.6083947; 0.3437915
75.5070305; 3.6198373; 0.9251771; -0.4531604; 0.4421687; 3.6273765; 0.3658024
75.7067845; 3.7002810; 1.1101372; -0.3689435; 0.3926178; 3.6474650; 0.3109996
75.9065386; 3.7651212; 1.2984228; -0.2960921; 0.3417203; 3.6644574; 0.2644070
76.1062926; 3.8169159; 1.4902766; -0.2329357; 0.2915702; 3.6788423; 0.2247947
76.3060467; 3.8578620; 1.6871007; -0.1786832; 0.2474895; 3.6910281; 0.1911170
76.5058007; 3.8887689; 1.8839279; -0.1342907; 0.2033340; 3.7013566; 0.1624847
76.7055547; 3.9116557; 2.0812131; -0.0981145; 0.1651020; 3.7101152; 0.1381420
76.9053088; 3.9280058; 2.2799470; -0.0666205; 0.1482461; 3.7175454; 0.1174461
77.1050628; 3.9382070; 2.4790367; -0.0349403; 0.1703213; 3.7238507; 0.0998509
77.3048169; 3.9415793; 2.6778117; 0.0026884; 0.2162895; 3.7292031; 0.0848917
77.5045709; 3.9364187; 2.8771385; 0.0509553; 0.2745231; 3.7337475; 0.0721736
77.7043250; 3.9202223; 3.0773162; 0.1125295; 0.3371631; 3.7376068; 0.0613609
77.9040790; 3.8907959; 3.2737902; 0.1872887; 0.4121153; 3.7408847; 0.0521680
78.1038331; 3.8452555; 3.4676880; 0.2767970; 0.4916357; 3.7436693; -0.1459514
78.3035871; 3.7803455; 3.6578399; 0.3838284; 0.5770630; 3.7358736; -1.2877069
78.5033412; 3.6947747; 3.8372456; 0.5100042; 0.6891100; 3.6663745; -2.3040885
78.7030952; 3.5857441; 4.0030959; 0.6559036; 0.7731292; 3.5386155; -2.3766444
78.9028493; 3.4505507; 4.1524627; 0.8166691; 0.8117786; 3.4018100; -1.7337719
79.1026033; 3.2982467; 4.2741192; 0.9779078; 0.8381034; 3.2984323; -1.1981465
79.3023574; 3.1189388; 4.3737071; 1.1490145; 0.8017278; 3.2250560; -5.8340129
79.5021114; 2.9249995; 4.4444024; 1.2866718; 0.6001378; 2.8408187; -10.1549772
79.7018655; 2.7298396; 4.4881421; 1.4222336; 0.8347322; 2.0033110; -9.7880894
79.9016195; 2.5288290; 4.4967964; 1.6770191; 2.4593016; 0.3206776; -0.0335382
80.1013736; 2.5411666; 4.4926377; 0.2292299; 134.1751750; 0.2990574; -0.0335382
80.3011276; 2.3591495; 4.4671437; 1.9162862; 1.0028087; 0.2757472; 5.2714863
80.5008817; 2.1881969; 4.3897283; 2.0656242; 0.6628780; 1.4771723; 4.4817358
80.7006357; 2.0067762; 4.2761597; 2.1867789; 0.4426311; 1.9931201; 3.8103021
80.9003898; 1.8466307; 4.1527974; 2.2650397; 0.3649299; 2.3440935; 3.2394597
81.1001438; 1.6945438; 4.0157206; 2.3470109; 0.4498410; 2.6055642; 2.7541383
81.2998979; 1.5528720; 3.8630581; 2.4390646; 0.4213824; 2.8087836; 2.3415256
81.4996519; 1.4359357; 3.7140376; 2.5099345; 0.3144808; 2.9706436; 1.9907287
81.6994060; 1.3196549; 3.5449784; 2.5641847; 0.1948181; 3.1016183; 1.6924866
81.8991600; 1.2144586; 3.3789425; 2.5832562; 0.0148879; 3.2087689; 1.4389258
82.0989141; 1.1088364; 3.2111188; 2.5710198; -0.1503324; 3.2971291; 1.2233524
82.2986681; 0.9968972; 3.0443291; 2.5253005; -0.2978956; 3.3704302; 1.0400752
82.4984222; 0.8763782; 2.8859594; 2.4530988; -0.4129825; 3.4315183; 0.8842557
82.6981762; 0.7441377; 2.7389717; 2.3620137; -0.4772952; 3.4826119; 0.7517805
82.8979303; 0.5981413; 2.6032373; 2.2843032; -0.2971723; 3.5254684; 0.6391521
83.0976843; 0.4430667; 2.4793129; 2.1965861; -0.5737565; 3.5614989; -0.0342870
83.2974384; 0.2739461; 2.3719831; 2.0778945; -0.5560155; 3.5595753; 0.2034974
83.4971924; 0.0935441; 2.2842975; 1.9694285; -0.5242237; 3.5709768; 0.5180468
83.6969465; -0.0940038; 2.2162472; 1.8702172; -0.4678065; 3.5998387; 0.4404354
83.8967005; -0.2870962; 2.1660907; 1.7810194; -0.4266979; 3.6241960; 0.3744513
84.0964546; -0.4837975; 2.1325360; 1.6998703; -0.3856699; 3.6447761; 0.3183527
84.2962086; -0.6827418; 2.1141990; 1.6268913; -0.3453122; 3.6621820; 0.2706585
84.4959627; -0.8826058; 2.1096324; 1.5616428; -0.3077658; 3.6769155; 0.2301097
84.6957167; -1.0818383; 2.1173256; 1.5040059; -0.2704742; 3.6893954; 0.1956357
84.8954708; -1.2807029; 2.1357932; 1.4536133; -0.2336110; 3.6999725; 0.1663264
85.0952248; -1.4788853; 2.1635852; 1.4105429; -0.1969231; 3.7089412; 0.1414081
85.2949788; -1.6751209; 2.1990050; 1.3751977; -0.1579447; 3.7165493; 0.1202230
85.4947329; -1.8703695; 2.2406370; 1.3475938; -0.1174706; 3.7230053; 0.1022117
85.6944869; -2.0650338; 2.2869519; 1.3282084; -0.0757750; 3.7284854; 0.0868988
85.8942410; -2.2583857; 2.3360321; 1.3177426; -0.0296030; 3.7331381; 0.0738800
86.0939950; -2.4515218; 2.3862696; 1.3165249; 0.0187520; 3.7370892; 0.0628116
86.2937491; -2.6454283; 2.4359391; 1.3251645; 0.0681682; 3.7404451; 0.0534015
86.4935031; -2.8389495; 2.4826739; 1.3443300; 0.1230052; 3.7432958; 0.0454011
86.6932572; -3.0341463; 2.5247947; 1.3739316; 0.1748876; 3.7457178; 0.0385993
86.8930112; -3.2315663; 2.5602078; 1.4145145; 0.2299089; 3.7477757; 0.0328165
87.0927653; -3.4261489; 2.5861408; 1.4628438; 0.2532831; 3.7495244; 0.0279001
87.2925193; -3.6269779; 2.6028492; 1.5110216; 0.1891706; 3.7510104; 0.0237202
87.4922734; -3.8263968; 2.6120422; 1.5337867; 0.0479800; 3.7522734; 0.0201666
87.6920274; -4.0290210; 2.6192776; 1.5349144; 0.0102045; 3.7533468; 0.0171453
87.8917815; -4.2287849; 2.6257490; 1.5444694; 0.0871483; 3.7542592; 0.0145767
88.0915355; -4.4285405; 2.6287729; 1.5686164; 0.1421752; 3.7550347; 0.0123929
88.2912896; -4.6274115; 2.6261832; 1.6000376; 0.1728228; 3.7556939; 0.0105362
88.4910436; -4.8268496; 2.6166167; 1.6392165; 0.2241615; 3.7562543; 0.0089577
88.6907977; -5.0254014; 2.5981631; 1.6896386; 0.2829483; 3.7567306; 0.0076157
88.8905517; -5.2227434; 2.5684014; 1.7538909; 0.3599948; 3.7571355; 0.0064748
89.0903058; -5.4174455; 2.5245759; 1.8327796; 0.4287125; 3.7574797; 0.0055048
89.2900598; -5.6077608; 2.4642318; 1.9251924; 0.4972931; 3.7577724; -0.3175228
89.4898139; -5.7896880; 2.3858818; 2.0341584; 0.6251970; 3.7408556; -1.9967573
89.6895679; -5.9623941; 2.2846116; 2.1716197; 0.7295829; 3.6326684; -2.5763851
89.8893220; -6.1203677; 2.1587344; 2.3122381; 0.6569243; 3.4881217; -7.9395071
90.0890760; -6.2578960; 2.0147359; 2.4496274; 0.7657067; 2.9991825; -8.1968875
90.2888301; -6.3788908; 1.8422388; 2.6074672; 0.7165413; 2.3917300; -9.9022599
90.4885841; -6.4693877; 1.6590624; 2.7652436; 0.9658279; 1.3282844; -0.5754204
90.6883382; -6.4941769; 1.5328203; -0.1484594; 7.8203691; 1.2387310; -0.5754204
90.8880922; -6.5207298; 1.4793206; -3.0096041; 1.4532773; 1.1421774; 4.8107865
91.0878463; -6.4786703; 1.2913026; -2.8559032; 0.5916907; 1.7962510; 4.0900559
91.2876003; -6.4075421; 1.0950298; -2.7337420; 0.5480500; 2.2046605; 3.4773020
91.4873544; -6.3184510; 0.9159992; -2.6258116; 0.5523290; 2.4999477; 2.9563482
91.6871084; -6.2093923; 0.7470882; -2.5090699; 0.6017624; 2.7259536; 2.5134413
91.8868625; -6.0825899; 0.5942913; -2.3890762; 0.5922963; 2.9043009; 2.1368887
92.0866165; -5.9382967; 0.4570050; -2.2748226; 0.5542382; 3.0477316; 1.8167496
92.2863706; -5.7792940; 0.3361228; -2.1683181; 0.5097274; 3.1645654; 1.5445723
92.4861246; -5.6091643; 0.2321913; -2.0717952; 0.4576366; 3.2606047; 1.3131713
92.6858787; -5.4298121; 0.1439915; -1.9856650; 0.4041344; 3.3400847; 1.1164379
92.8856327; -5.2444226; 0.0707108; -1.9106425; 0.3484959; 3.4061990; 0.9491781
93.0853868; -5.0540487; 0.0103876; -1.8465078; 0.2930913; 3.4614153; 0.8069765
93.2851408; -4.8601283; -0.0387665; -1.7934064; 0.2383152; 3.5076758; 0.6860789
93.4848949; -4.6647496; -0.0785238; -1.7515885; 0.1812519; 3.5465312; 0.5832936
93.6846489; -4.4675895; -0.1112557; -1.7208316; 0.1274696; 3.5792337; 0.4959072
93.8844029; -4.2696138; -0.1389501; -1.7004061; 0.0772432; 3.6068037; 0.4216126
94.0841570; -4.0716651; -0.1634035; -1.6876224; 0.0557210; 3.6300786; 0.3584485
94.2839110; -3.8729828; -0.1857031; -1.6779838; 0.0422142; 3.6497498; 0.3047473
94.4836651; -3.6743980; -0.2062740; -1.6702913; 0.0348863; 3.6663910; 0.2590914
94.6834191; -3.4758191; -0.2254442; -1.6639774; 0.0287977; 3.6804799; 0.2202755
94.8831732; -3.2762769; -0.2435476; -1.6587497; 0.0232283; 3.6924157; 0.1872748
95.0829272; -3.0780474; -0.2606663; -1.6556246; 0.0083421; 3.7025331; 0.1592181
95.2826813; -2.8785782; -0.2775458; -1.6549833; 0.0050413; 3.7111131; 0.1353648
95.4824353; -2.6793670; -0.2941511; -1.6524177; 0.0205887; 3.7183921; 0.1150850
95.6821894; -2.4796995; -0.3099576; -1.6465556; 0.0388482; 3.7245694; 0.0978435
95.8819434; -2.2807256; -0.3241512; -1.6367782; 0.0594991; 3.7298132; 0.0831850
96.0816975; -2.0809577; -0.3362918; -1.6269640; 0.0376022; 3.7342656; 0.0707226
96.2814515; -1.8817218; -0.3468990; -1.6217023; 0.0177747; 3.7380468; 0.0601273
96.4812056; -1.6821736; -0.3567862; -1.6192836; 0.0064034; 3.7412585; 0.0511193
96.6809596; -1.4825274; -0.3664275; -1.6192623; -0.0067754; 3.7439869; 0.0434608
96.8807137; -1.2833410; -0.3763183; -1.6220373; -0.0211012; 3.7463050; 0.0369497
97.0804677; -1.0836055; -0.3870709; -1.6275542; -0.0341185; 3.7482746; 0.0314141
97.2802218; -0.8843039; -0.3991642; -1.6356824; -0.0471864; 3.7499484; 0.0267078
97.4799758; -0.6850972; -0.4131364; -1.6463881; -0.0600665; 3.7513708; 0.0227065
97.6797299; -0.4859391; -0.4294931; -1.6593665; -0.0687640; 3.7525797; 0.0193047
97.8794839; -0.2872510; -0.4485603; -1.6737655; -0.0721894; 3.7536071; 0.0164126
98.0792380; -0.0885993; -0.4703992; -1.6861300; -0.0514934; 3.7544804; 0.0139537
98.2789920; 0.1098058; -0.4942425; -1.6933141; -0.0115079; 3.7552228; 0.0118632
98.4787461; 0.3078936; -0.5184827; -1.6898949; 0.0460569; 3.7558538; 0.0100859
98.6785001; 0.5067377; -0.5409273; -1.6743617; 0.1098962; 3.7563901; 0.0085749
98.8782542; 0.7056196; -0.5589546; -1.6458437; 0.1750440; 3.7568461; 0.0072903
99.0780082; 0.9049420; -0.5700137; -1.6044200; 0.2406217; 3.7572337; 0.0061981
99.2777623; 1.1046939; -0.5714848; -1.5497191; 0.3062935; 3.7575632; 0.0052695
99.4775163; 1.3039342; -0.5607735; -1.4824584; 0.3661280; 3.7578433; 0.0044800
99.6772704; 1.5020994; -0.5354930; -1.4032993; 0.4279662; 3.7580815; 0.0038089
99.8770244; 1.6956531; -0.4939056; -1.3140507; 0.4574852; 3.7582839; 0.0032382
100.0767785; 1.8874558; -0.4342286; -1.2261204; 0.3900039; 3.7584560; 0.0027531
100.2765325; 2.0736259; -0.3602950; -1.1642606; 0.2431926; 3.7586023; 0.0023406
100.4762866; 2.2580189; -0.2760665; -1.1211509; 0.2176499; 3.7587267; 0.0019900
100.6760406; 2.4332324; -0.1864813; -1.0734080; 0.2713115; 3.7588325; 0.0016918
100.8757947; 2.6081964; -0.0851895; -1.0190179; 0.2608250; 3.7589224; 0.0014384
101.0755487; 2.7751821; 0.0235323; -0.9681636; 0.2626553; 3.7589988; 0.0012229
101.2753028; 2.9355724; 0.1403140; -0.9138382; 0.2955232; 3.7590638; 0.0010397
101.4750568; 3.0891381; 0.2666786; -0.8486901; 0.3592001; 3.7591191; 0.0008839
101.6748109; 3.2336095; 0.4044204; -0.7664637; 0.4586255; 3.7591660; 0.0007515
101.8745649; 3.3647753; 0.5539722; -0.6736539; 0.4610221; 3.7592060; 0.0006389
102.0743190; 3.4816918; 0.7148200; -0.5840716; 0.4404488; 3.7592399; 0.0005432
102.2740730; 3.5844901; 0.8859413; -0.4986220; 0.4188106; 3.7592688; 0.0004618
102.4738270; 3.6733123; 1.0666098; -0.4157870; 0.4024997; 3.7592933; 0.0003926
102.6735811; 3.7459925; 1.2503443; -0.3382578; 0.3819054; 3.7593142; 0.0003338
102.8733351; 3.8050723; 1.4406417; -0.2648856; 0.3498153; 3.7593319; 0.0002838
103.0730892; 3.8513534; 1.6376375; -0.1978231; 0.3138330; 3.7593470; 0.0002413
103.2728432; 3.8844384; 1.8315261; -0.1421570; 0.2541103; 3.7593598; 0.0002051
103.4725973; 3.9081747; 2.0310103; -0.0967689; 0.1884061; 3.7593707; 0.0001744
103.6723513; 3.9242704; 2.2294555; -0.0678427; 0.1054773; 3.7593800; 0.0001483
103.8721054; 3.9361254; 2.4283284; -0.0530080; 0.0519318; 3.7593879; 0.0001261
104.0718594; 3.9459041; 2.6278724; -0.0460136; 0.0192403; 3.7593946; 0.0001072
104.2716135; 3.9546825; 2.8285868; -0.0377785; 0.1206762; 3.7594003; 0.0000911
104.4713675; 3.9585141; 3.0290370; 0.0061029; 0.3174337; 3.7594051; 0.0000775
104.6711216; 3.9493468; 3.2322909; 0.0891042; 0.4641002; 3.7594092; 0.0000659
104.8708756; 3.9214046; 3.4315422; 0.1938789; 0.5941937; 3.7594127; -1.6977926
105.0706297; 3.8698672; 3.6249034; 0.3333199; 0.7673886; 3.6680924; -3.3707273
105.2703837; 3.7898344; 3.8076483; 0.4951410; 0.8542312; 3.4796938; -2.8838620
105.4701378; 3.6789172; 3.9755550; 0.6740279; 0.9089004; 3.3100065; -2.0665966
105.6698918; 3.5444802; 4.1155019; 0.8611009; 1.0425617; 3.1828479; -2.3606384
105.8696459; 3.3773485; 4.2308114; 1.0717604; 1.0181105; 3.0310768; -0.7991012
106.0693999; 3.1953665; 4.3078562; 1.2595837; 0.6555407; 2.9779489; 1.9744327
106.2691540; 3.0093417; 4.3626486; 1.2769408; 0.0969578; 3.1075684; 1.6786320
106.4689080; 2.8138162; 4.4096627; 1.4105867; 0.8080823; 3.2136597; -0.2184108
106.6686621; 2.6115126; 4.4218892; 1.6164932; 0.9610221; 3.2000549; -1.6813362
106.8684161; 2.4159752; 4.3947384; 1.8097528; 1.0714327; 3.0933225; -1.8403993
107.0681702; 2.2286959; 4.3289358; 1.9976993; 0.7924981; 2.9721019; 1.6870345
107.2679242; 2.0531236; 4.2327534; 2.1407867; 0.6316084; 3.0834029; 1.7347349
107.4676783; 1.8955071; 4.1188191; 2.2476999; 0.4801231; 3.1938087; 1.4748447
107.6674323; 1.7464160; 3.9879163; 2.3303339; 0.3454094; 3.2847567; 1.2538900
107.8671864; 1.6013794; 3.8411814; 2.3902558; 0.2446900; 3.3601437; 1.0660378
108.0669404; 1.4675369; 3.6908946; 2.4378331; 0.2459512; 3.4229310; 0.9063288
108.2666945; 1.3419153; 3.5343503; 2.4965144; 0.3307159; 3.4754197; 0.7705467
108.4664485; 1.2250970; 3.3694964; 2.5473977; 0.1435848; 3.5194292; 0.6551068
108.6662026; 1.1152711; 3.2050525; 2.5512338; -0.0655633; 3.5564171; 0.5569616
108.8659566; 1.0034303; 3.0421847; 2.5231547; -0.2267601; 3.5875637; 0.4735201
109.0657107; 0.8820219; 2.8814665; 2.4601066; -0.4055259; 3.6138329; 0.4025794
109.2654647; 0.7491969; 2.7323799; 2.3629300; -0.5502159; 3.6360173; -0.2319298
109.4652188; 0.6013404; 2.5991972; 2.2423119; -0.6208128; 3.6232532; -1.0729950
109.6649728; 0.4385971; 2.4850161; 2.1251298; -0.5541224; 3.5636069; 0.2008012
109.8647269; 0.2637089; 2.3890730; 2.0230659; -0.4620431; 3.5748448; 0.5076817
110.0644809; 0.0805437; 2.3096741; 1.9396193; -0.3693092; 3.6031012; 0.4316231
110.2642350; -0.1074282; 2.2442815; 1.8735984; -0.3011336; 3.6269513; 0.3669592
110.4639890; -0.2987364; 2.1903622; 1.8185636; -0.2634568; 3.6471055; 0.3119830
110.6637431; -0.4930856; 2.1464160; 1.7684291; -0.2455942; 3.6641532; 0.2652431
110.8634971; -0.6907390; 2.1118267; 1.7199746; -0.2369574; 3.6785847; 0.2255056
111.0632511; -0.8882652; 2.0868403; 1.6735941; -0.2274204; 3.6908097; 0.1917213
111.2630052; -1.0859272; 2.0708575; 1.6297520; -0.2157469; 3.7011715; 0.1629985
111.4627592; -1.2867518; 2.0633118; 1.5873942; -0.1983551; 3.7099582; 0.1385788
111.6625133; -1.4854543; 2.0636094; 1.5527938; -0.1504319; 3.7174122; 0.1178175
111.8622673; -1.6853146; 2.0700438; 1.5239770; -0.1599060; 3.7237377; 0.1001666
112.0620214; -1.8864889; 2.0830569; 1.4866920; -0.2116375; 3.7291071; 0.0851601
112.2617754; -2.0867342; 2.1045053; 1.4406205; -0.2421375; 3.7336660; 0.0724018
112.4615295; -2.2834195; 2.1353512; 1.3883378; -0.2878897; 3.7375376; 0.0615549
112.6612835; -2.4801108; 2.1771657; 1.3368841; -0.2151891; 3.7408259; 0.0523330
112.8610376; -2.6723303; 2.2266977; 1.3033536; -0.1289403; 3.7436194; 0.0444927
113.0607916; -2.8646197; 2.2817364; 1.2822685; -0.0815596; 3.7459927; 0.0378270
113.2605457; -3.0556564; 2.3397939; 1.2709289; -0.0309882; 3.7480093; 0.0321599
113.4602997; -3.2462917; 2.3990090; 1.2701290; 0.0233282; 3.7497229; 0.0273419
113.6600538; -3.4374969; 2.4574528; 1.2797022; 0.0701566; 3.7511791; 0.0232456
113.8598078; -3.6289356; 2.5130459; 1.2981369; 0.1149199; 3.7524168; 0.0197631
114.0595619; -3.8224154; 2.5644809; 1.3251331; 0.1551192; 3.7534687; 0.0168023
114.2593159; -4.0168351; 2.6097574; 1.3601992; 0.1950423; 3.7543628; 0.0142850
114.4590700; -4.2129714; 2.6474528; 1.4029091; 0.2330225; 3.7551228; 0.0121449
114.6588240; -4.4108688; 2.6760062; 1.4533633; 0.2713872; 3.7557687; 0.0103254
114.8585781; -4.6092999; 2.6937310; 1.5113817; 0.3115297; 3.7563179; 0.0087785
115.0583321; -4.8093945; 2.6990749; 1.5783716; 0.3582953; 3.7567847; 0.0074633
115.2580862; -5.0087376; 2.6901074; 1.6547576; 0.4071899; 3.7571815; 0.0063452
115.4578402; -5.2066527; 2.6649857; 1.7410268; 0.4575735; 3.7575188; 0.0053946
115.6575943; -5.4015915; 2.6218888; 1.8373631; 0.5068786; 3.7578056; -0.4530982
115.8573483; -5.5909334; 2.5594155; 1.9431830; 0.5537004; 3.7336425; -0.9461639
116.0571024; -5.7723473; 2.4764006; 2.0581718; 0.5971680; 3.6826738; -1.1846269
116.2568564; -5.9418947; 2.3729592; 2.1798883; 0.6225913; 3.6178472; -1.0572919
116.4566105; -6.0990785; 2.2479671; 2.3052493; 0.6219186; 3.5589917; -1.9558289
116.6563645; -6.2372672; 2.1064093; 2.4327414; 0.6676203; 3.4474704; -8.3616709
116.8561186; -6.3600189; 1.9410856; 2.5724934; 0.6401091; 2.9230971; -9.7184818
117.0558726; -6.4575917; 1.7639778; 2.7094156; 0.8313967; 2.1591398; -8.2627036
117.2556267; -6.5201520; 1.5655036; 3.0283170; 3.1212598; 1.1665624; -0.4438324
117.4553807; -6.4612028; 1.5310438; 3.0112025; 10.1389618; 1.0879123; -0.4438324
117.6551348; -6.4466167; 1.3444412; -2.9570053; 0.9290001; 1.0031144; 4.9226606
117.8548888; -6.3885312; 1.1419051; -2.7702371; 0.8271621; 1.7242045; 4.1851695
118.0546429; -6.3035335; 0.9640381; -2.6243226; 0.7291149; 2.1552008; 3.5581661
118.2543969; -6.1879953; 0.7945672; -2.4566624; 0.8426856; 2.4630076; 3.0250975
118.4541510; -6.0498752; 0.6505293; -2.3026835; 0.6928365; 2.6972129; 2.5718909
118.6539050; -5.8930076; 0.5268957; -2.1774985; 0.5761229; 2.8813970; 2.1865817
118.8536591; -5.7247382; 0.4229524; -2.0747043; 0.4578546; 3.0291923; 1.8589978
119.0534131; -5.5448419; 0.3335273; -1.9931111; 0.3509881; 3.1493953; 1.5804910
119.2531672; -5.3606416; 0.2575629; -1.9342476; 0.2475071; 3.2480932; 1.3437089
119.4529212; -5.1730521; 0.1907993; -1.8944383; 0.1498499; 3.3297045; 1.1424005
119.6526752; -4.9830824; 0.1297940; -1.8703988; 0.0933579; 3.3975477; 0.9712511
119.8524293; -4.7929440; 0.0725927; -1.8577318; 0.0299812; 3.4541791; 0.8257426
120.0521833; -4.6005141; 0.0159455; -1.8586970; -0.0371819; 3.5016059; 0.7020335
120.2519374; -4.4096966; -0.0410273; -1.8608189; 0.0250203; 3.5414280; 0.5968580
120.4516914; -4.2161990; -0.0977376; -1.8483687; 0.1043629; 3.5749352; 0.5074394
120.6514455; -4.0231768; -0.1498481; -1.8169428; 0.2143140; 3.6031774; 0.4314171
120.8511995; -3.8284567; -0.1938775; -1.7694671; 0.2248676; 3.6270156; 0.3667841
121.0509536; -3.6328453; -0.2291136; -1.7306320; 0.1650078; 3.6471599; 0.3118342
121.2507076; -3.4351278; -0.2579799; -1.7024761; 0.1178478; 3.6641992; 0.2651166
121.4504617; -3.2368468; -0.2821606; -1.6832459; 0.0747811; 3.6786237; 0.2253980
121.6502157; -3.0383030; -0.3033764; -1.6726840; 0.0348413; 3.6908428; 0.1916299
121.8499698; -2.8396832; -0.3230285; -1.6663618; 0.0285764; 3.7011995; 0.1629207
122.0497238; -2.6408496; -0.3415434; -1.6609303; 0.0281857; 3.7099820; 0.1385127
122.2494779; -2.4415607; -0.3589648; -1.6549393; 0.0316681; 3.7174323; 0.1177613
122.4492319; -2.2428382; -0.3750696; -1.6482633; 0.0352622; 3.7237548; 0.1001188
122.6489860; -2.0436439; -0.3898030; -1.6408755; 0.0387239; 3.7291216; 0.0851195
122.8487400; -1.8440584; -0.4030137; -1.6327957; 0.0420117; 3.7336783; 0.0723673
123.0484941; -1.6450890; -0.4145077; -1.6240946; 0.0452904; 3.7375480; 0.0615255
123.2482481; -1.4453375; -0.4242366; -1.6147297; 0.0483644; 3.7408348; 0.0523080
123.4480022; -1.2458643; -0.4320211; -1.6047763; 0.0512942; 3.7436269; 0.0444715
123.6477562; -1.0464464; -0.4377601; -1.5942618; 0.0541698; 3.7459991; 0.0378090
123.8475103; -0.8460475; -0.4413565; -1.5831302; 0.0568353; 3.7480147; 0.0321446
124.0472643; -0.6471375; -0.4426719; -1.5716237; 0.0587786; 3.7497275; 0.0273288
124.2470184; -0.4469912; -0.4416478; -1.5596173; 0.0634667; 3.7511831; 0.0232346
124.4467724; -0.2475923; -0.4380691; -1.5456578; 0.0763078; 3.7524201; 0.0197537
124.6465265; -0.0483518; -0.4314460; -1.5287461; 0.0980115; 3.7534715; 0.0167943
124.8462805; 0.1514830; -0.4208852; -1.5063608; 0.1246321; 3.7543652; 0.0142782
125.0460346; 0.3525964; -0.4054633; -1.4839670; 0.0804546; 3.7551248; 0.0121391
125.2457886; 0.5508918; -0.3870009; -1.4739469; 0.0198249; 3.7557705; 0.0103205
125.4455427; 0.7531558; -0.3668553; -1.4678071; 0.0511324; 3.7563194; 0.0087743
125.6452967; 0.9492832; -0.3452710; -1.4530875; 0.0912040; 3.7567859; 0.0074598
125.8450508; 1.1479800; -0.3198850; -1.4341180; 0.0983754; 3.7571826; 0.0063422
126.0448048; 1.3462313; -0.2905635; -1.4134562; 0.1084372; 3.7575197; 0.0053920
126.2445589; 1.5417200; -0.2573241; -1.3909861; 0.1175707; 3.7578064; 0.0045842
126.4443129; 1.7369808; -0.2194272; -1.3670473; 0.1223469; 3.7580500; 0.0038974
126.6440670; 1.9326016; -0.1764080; -1.3410825; 0.1371761; 3.7582572; 0.0033135
126.8438210; 2.1258923; -0.1282787; -1.3113854; 0.1665890; 3.7584333; 0.0028171
127.0435751; 2.3172687; -0.0738308; -1.2743014; 0.2142469; 3.7585830; 0.0023951
127.2433291; 2.5066269; -0.0111107; -1.2256257; 0.2774853; 3.7587103; 0.0020363
127.4430832; 2.6928340; 0.0623242; -1.1621993; 0.3515748; 3.7588185; 0.0017312
127.6428372; 2.8720444; 0.1481314; -1.0833167; 0.4400094; 3.7589105; 0.0014718
127.8425912; 3.0436111; 0.2495488; -0.9879850; 0.5166612; 3.7589888; -0.5991697
128.0423453; 3.2045068; 0.3685781; -0.8778811; 0.5658751; 3.7270127; -1.0693411
128.2420993; 3.3510383; 0.5049141; -0.7651517; 0.5603915; 3.6692524; -0.5935616
128.4418534; 3.4805157; 0.6554945; -0.6561304; 0.5354981; 3.6367953; -0.0425032
128.6416074; 3.5938869; 0.8200485; -0.5508703; 0.5228973; 3.6344600; 0.1394060
128.8413615; 3.6896324; 0.9958696; -0.4467135; 0.5149130; 3.6421139; 0.1953096
129.0411155; 3.7667532; 1.1796771; -0.3504038; 0.4462950; 3.6528101; 0.2963670
129.2408696; 3.8275077; 1.3712514; -0.2651154; 0.4009048; 3.6689811; 0.2519666
129.4406236; 3.8725909; 1.5658768; -0.1926805; 0.3245720; 3.6826736; 0.2142181
129.6403777; 3.9049362; 1.7629771; -0.1348428; 0.2577983; 3.6942749; 0.1821249
129.8401317; 3.9270838; 1.9613950; -0.0895488; 0.1956488; 3.7041095; 0.1548398
130.0398858; 3.9414749; 2.1604543; -0.0569723; 0.1302801; 3.7124503; 0.1316424
130.2396398; 3.9506868; 2.3598679; -0.0374174; 0.0713308; 3.7195268; 0.1119203
130.4393939; 3.9569531; 2.5592276; -0.0265441; 0.0377526; 3.7255325; 0.0951529
130.6391479; 3.9615643; 2.7585502; -0.0183065; 0.0761368; 3.7306309; 0.0808975
130.8389020; 3.9630962; 2.9589100; 0.0059783; 0.1648602; 3.7349600; 0.0687778
131.0386560; 3.9574310; 3.1571176; 0.0589548; 0.3847973; 3.7386365; 0.0584738
131.2384101; 3.9363676; 3.3572160; 0.1573794; 0.5746434; 3.7417595; -1.2957331
131.4381641; 3.8930317; 3.5522076; 0.2846078; 0.7131359; 3.6719352; -2.6714541
131.6379182; 3.8211786; 3.7410743; 0.4475807; 0.8324938; 3.5236119; -2.9920510
131.8376722; 3.7193735; 3.9149082; 0.6118892; 0.8308750; 3.3497003; -1.5305105
132.0374263; 3.5878596; 4.0704158; 0.7967957; 0.9664297; 3.2571522; -2.2312822
132.2371803; 3.4355062; 4.1924492; 0.9990455; 1.1061231; 3.1173106; -2.3929990
132.4369344; 3.2579536; 4.2805336; 1.2213968; 1.0996782; 2.9600005; -0.9205447
132.6366884; 3.0705863; 4.3378954; 1.2499020; -0.6389256; 2.8972121; 2.1523109
132.8364425; 2.8817579; 4.3993429; 1.3322031; 1.0306744; 3.0419900; -1.0076942
133.0361965; 2.6825406; 4.4261717; 1.5487699; 1.2276665; 2.9750834; -2.1853958
